workerid,prolific_participant_id
74,60ceeec3a0bed4a1e603b8d7
18,66c7e6ccaa34fd5caa975b14
79,67186ee913eaa9cba9c2b27b
44,61519988b1ae1bd33e03675a
47,65cce024500351e8c8f7ff26
22,5efbce484cee781856fc95ef
25,5e29fd5f2bec3b065e9a729e
35,5eb7031b5e4ac262cd77c949
81,6708351015e39ff2541e5dc4
31,5c81797a5bb27200013c7b1b
75,6553a7fdcb372050cab6035c
68,5c60a763dff4b30001aa98ee
77,60707b6c787387f279f4da5c
41,5f61151aead6a006ebe2747b
36,5d164f9b1a4be700176367bd
60,5d9fae684bf6c600144e673b
45,66c4a3da2faac6abe33860ec
28,5b2dff9daca2940001423c73
33,5f69bca68bd61e01afde8d9b
50,651035ad2ada965a5c9c87ab
32,6605c26803e0ed0bb5cdd951
56,65366f6aa09a5f7a5f193f61
52,5c7dd8e0665aaa001230a6c7
46,668caa754fe5c9ee3a6081ec
14,5e440e4f19962228cf949247
21,60914f0c377808b52e7594ce
40,6716af9803edcbcd7b043151
61,66703d4a7436b1c576ba4a8c
51,5e3b31169c771734a5ac8226
38,66799be9ea1183434ff60ca5
78,6101151ea206210140711990
49,654e9cd39c85c318df8606da
58,66368ac547b8824e50cfa854
43,6689608c847a9640d0ff50d7
70,655dce890f82eccc49211e80
59,66869ffdfbb0e002547a2c8c
57,667dd23ef327afa96cf9cfdc
54,665e1c4a3ecc2a4e6ace07f9
71,6157684f2013e9ab8cb238e2
29,66bd8d2bf62eeef235e8e984
62,659f0a8f22928eebdc204d57
37,5f5c4edce87688224b1048ce
17,662c45399d952aa04fd2bf4f
